KMeans_Cluster,Recency,Frequency,Monetary
0,-0.8041392477444287,-0.4971580689258219,-0.7313787939574405
1,-0.8689025941052694,2.2101216738795166,2.9304866375695147
2,-0.23182248460564447,-0.04411695702408447,-0.12239768301046461
3,0.9721628921736236,-0.6914247048496089,-0.8328113522246398
