KMeans_Cluster,Recency,Frequency,Monetary
0,18.12425328554361,2.1481481481481484,551.8195340501792
1,12.131284916201118,13.71368715083799,8074.26687150838
2,71.0843989769821,4.083546462063086,1802.8290051150896
3,182.4968982630273,1.3182382133995036,343.45003163771713
