k,WCSS,Silhouette_Score
1,13013.999999999998,
2,6481.225323423515,0.43294018131896606
3,4867.846645267559,0.33650963406696927
4,3938.5099536013226,0.3371343622222519
5,3295.976328792428,0.31609724178691406
6,2855.0112470014105,0.31332900440932415
7,2548.914324423938,0.3099750749146704
8,2336.777508464407,0.300781560439033
9,2155.648192733214,0.28165317031259757
10,1999.903269751348,0.2786648925494945
